stid,table,datetime,record_number,year,month,day,hour,minute,second,microsecond,TIMESTAMP_START,TIMESTAMP_END,FC,FC_mass,FC_QC,FC_samples_Tot,LE,LE_QC,ET,ET_interval,ET_QC,LE_samples_Tot,H,H_QC,H_samples_Tot,TAU,TAU_QC,Bowen_ratio,USTAR,TSTAR,TKE,ZL,MO_LENGTH,CO2,CO2_SIGMA,CO2_density_Avg,CO2_density_SIGMA,CO2_sig_strgth_Min,H2O,H2O_SIGMA,H2O_density_Avg,H2O_density_SIGMA,H2O_sig_strgth_Min,PA,PA_SIGMA,Tc,Tc_SIGMA,RH,T_DP,e,e_sat,VPD,q,rho_d,rho_d_SIGMA,rho_a,Cp,Lv,WS,WS_RSLT,WS_MAX,WD,WD_SONIC,WD_SIGMA,U,U_SIGMA,V,V_SIGMA,W,W_SIGMA,Ts,Ts_SIGMA,Rn,ALB,SW_IN,SW_OUT,LW_IN,LW_OUT,T_surf_eff,T_nr,LWS_volt,G_6cm,G_HFP01_1,G_HFP01_2,G_HFP01_3,G_HFP01_4,PBLH,FETCH_MAX,FETCH_90,FETCH_55,FETCH_40,UPWND_DIST_INTRST,FTPRNT_DIST_INTRST,FTPRNT_EQUATION,sonic_azimuth,alpha,beta,gamma,height_measurement,height_canopy,displacement_user,d,roughness_user,z0,z
FLUX_BKLN,Flux_NYSMesonet,2019-06-30 00:00:00.000000,869,2019,6,30,0,0,0,0,201906292330,201906300000,2.37983,0.1047363,2,18000,31.49061,1,0.04638955,0.02319477,1,18000,30.84616,2,18000,0.6444862,1,0.9795351,0.741174,-0.03486249,3.459067,-0.008216396,-1095.371,430.5724,6.9204,756.4427,12.03475,0.9785888,23.29022,0.3475359,16.74981,0.2450956,0.9645036,100.9856,0.01165648,24.19152,0.1828709,75.83504,19.65556,2.298434,3.031267,7.328331,15.1144,1156.454,0.7625312,1.173203,1017.535,2443.787,4.56912,4.294743,11.33355,231.8903,329.6097,19.84918,4.294946,1.987428,0,1.433463,-7.450581e-09,0.955745,26.36663,0.1824618,-18.49787,0.1876167,31.62828,5.968722,394.5536,438.7111,24.9127,297.3736,267.5008,NAN,NAN,NAN,NAN,NAN,1000,68.45783,194.2176,98.04539,74.13667,900,99.09589,Kljun et al,201.5,0.5658807,0,329.6097,9,0,0,0,0,0.8365023,9
FLUX_BKLN,Flux_NYSMesonet,2019-06-30 00:30:00.000000,870,2019,6,30,0,30,0,0,201906300000,201906300030,-3.178325,-0.1398781,7,18000,9.216251,6,0.0135723,0.006786148,6,18000,15.8999,1,18000,0.5189306,1,1.725202,0.6648663,-0.02001444,2.541928,-0.005716791,-1574.31,427.5767,5.997202,751.4036,10.42193,0.9779806,23.80881,0.1747906,17.12789,0.1202319,0.9639224,100.9535,0.01181307,23.85802,0.1391054,79.02166,19.99862,2.347684,2.971097,6.234138,14.75057,1156.798,0.5952449,1.173926,1017.831,2444.576,3.496291,3.177902,9.199571,226.7309,334.7691,24.44335,3.179503,1.584095,0,1.375883,2.235174e-08,0.8254976,26.07843,0.1450977,-36.02633,0.2903995,6.387226,2.002001,394.9527,435.3643,24.34271,296.9689,267.8319,NAN,NAN,NAN,NAN,NAN,1000,62.40001,177.2399,89.3693,67.57631,900,99.09592,Kljun et al,201.5,-1.814379,0,334.7691,9,0,0,0,0,1.268104,9
FLUX_BKLN,Flux_NYSMesonet,2019-06-30 01:00:00.000000,871,2019,6,30,1,0,0,0,201906300030,201906300100,-2.918656,-0.12845,7,18000,-0.140101,9,-0.0002062628,-0.0001031314,9,18000,11.25751,1,18000,0.4019019,1,-80.35281,0.5847718,-0.01609703,2.448482,-0.005738266,-1568.418,427.9366,7.285457,753.1258,12.63575,0.9782233,23.34656,0.1688528,16.81972,0.1161703,0.9641655,100.9577,0.01159278,23.5738,0.1176636,78.86226,19.69035,2.303238,2.920678,6.174393,14.44994,1158.476,0.5740041,1.175296,1017.567,2445.248,4.409274,4.212445,10.26364,240.7474,320.7526,17.11378,4.212461,1.655097,0,1.236323,9.313226e-10,0.7931731,25.74958,0.1249245,-33.03185,0,-1.084726,0.7441161,402.3214,433.5244,24.02797,296.6716,267.8822,NAN,NAN,NAN,NAN,NAN,1000,76.30441,216.2146,109.2832,82.63413,900,99.09586,Kljun et al,201.5,0.138569,0,320.7526,9,0,0,0,0,0.4694285,9
FLUX_BKLN,Flux_NYSMesonet,2019-06-30 01:30:00.000000,872,2019,6,30,1,30,0,0,201906300100,201906300130,18.51131,0.8146827,1,18000,8.629824,2,0.0127023,0.006351152,2,18000,14.16574,1,18000,0.3254432,2,1.641487,0.5260422,-0.02249915,1.745044,-0.01030142,-873.6658,426.2496,6.700913,750.5484,11.64639,0.9787049,23.5744,0.1356366,16.99273,0.09329859,0.9646498,100.9525,0.008992738,23.33811,0.0770538,80.74911,19.84262,2.32508,2.87942,5.543392,14.56334,1159.079,0.3997065,1.176072,1017.697,2445.805,4.430542,4.279946,8.667025,246.1309,315.3691,14.93355,4.280159,1.371509,0,1.108884,3.72529e-09,0.615978,25.5331,0.08347309,-35.9335,0,-1.538859,0.7154197,398.168,431.8472,23.74012,296.4114,268.085,NAN,NAN,NAN,NAN,NAN,1076.87,93.68748,264.4559,134.0958,101.405,900,99.16012,Kljun et al,201.5,0.5732845,0,315.3691,9,0,0,0,0,0.3202711,9
FLUX_BKLN,Flux_NYSMesonet,2019-06-30 02:00:00.000000,873,2019,6,30,2,0,0,0,201906300130,201906300200,19.57024,0.861286,4,18000,7.979779,4,0.01174649,0.005873246,4,18000,12.65226,4,18000,0.3262678,2,1.58554,0.5267957,-0.02007204,1.607772,-0.009173054,-981.1345,430.6725,7.233663,758.034,12.49739,0.9782849,23.68045,0.1038674,17.0624,0.0696634,0.9642784,100.9526,0.01053671,23.42541,0.09518432,80.67828,19.91348,2.335301,2.894643,5.593412,14.61375,1158.62,0.5090514,1.175682,1017.758,2445.599,4.181769,4.037886,8.727908,247.8182,313.6818,15.02485,4.037971,1.323628,0,1.034396,1.862645e-09,0.6273578,25.63079,0.1013943,-28.6149,0,-0.9644815,0.9592838,405.6386,432.3297,23.82305,296.4156,268.2021,NAN,NAN,NAN,NAN,NAN,1017.707,88.51284,250.3304,126.7489,95.84283,900,99.11157,Kljun et al,201.5,-0.3954209,0,313.6818,9,0,0,0,0,0.3885153,9
FLUX_BKLN,Flux_NYSMesonet,2019-06-30 02:30:00.000000,874,2019,6,30,2,30,0,0,201906300200,201906300230,11.20515,0.4931385,4,18000,9.654394,6,0.01421281,0.007106403,6,18000,3.628966,4,18000,0.293552,1,0.3758875,0.499875,-0.00607087,1.78574,-0.003453316,-2606.19,439.318,10.00366,772.5443,17.40537,0.9781502,23.94146,0.228756,17.23467,0.1599045,0.9641647,100.9165,0.01207189,23.51486,0.08348009,81.08,20.08011,2.359589,2.910287,5.506978,14.81798,1157.561,0.4239441,1.174795,1017.908,2445.387,4.118926,3.940168,8.839976,240.2773,321.2227,16.87427,3.940174,1.386881,0,1.126416,1.862645e-09,0.6158148,25.74489,0.08444447,-33.98865,0,-1.232147,0.9699488,400.2464,432.0329,23.77205,296.5143,268.3192,NAN,NAN,NAN,NAN,NAN,1000,87.90479,248.7434,125.8973,95.19678,900,99.09591,Kljun et al,201.5,-0.1521055,0,321.2227,9,0,0,0,0,0.3553965,9
FLUX_BKLN,Flux_NYSMesonet,2019-06-30 03:00:00.000000,875,2019,6,30,3,0,0,0,201906300230,201906300300,-2.521888,-0.1109883,7,18000,-14.06794,3,-0.02070035,-0.01035017,3,18000,8.711103,3,18000,0.2083893,1,-0.6192167,0.4209685,-0.01728168,1.520581,-0.01072886,-838.8589,443.149,10.96393,779.7258,19.16096,0.9779919,24.56822,0.1681736,17.69596,0.1188325,0.9639892,100.8674,0.01517976,23.02044,0.1280538,85.63297,20.48088,2.418705,2.824707,4.060025,15.29421,1158.22,0.4110182,1.175916,1018.266,2446.557,4.081498,3.946455,7.666815,240.7448,320.7552,14.73373,3.94647,1.317958,0,0.9752427,0,0.5941807,25.30423,0.1258282,-37.86827,0,-1.920845,0.4611022,394.3832,429.8695,23.39963,296.1678,268.8476,NAN,NAN,NAN,NAN,NAN,1096.031,89.67484,253.1076,128.3343,97.05004,900,99.17476,Kljun et al,201.5,0.1904729,0,320.7552,9,0,0,0,0,0.1927418,9
FLUX_BKLN,Flux_NYSMesonet,2019-06-30 03:30:00.000000,876,2019,6,30,3,30,0,0,201906300300,201906300330,13.89861,0.6116779,4,18000,-0.137482,9,-0.0002022859,-0.000101143,9,18000,3.951923,4,18000,0.3037319,1,-28.74501,0.5083169,-0.006494055,1.24987,-0.003065925,-2935.493,445.7636,12.43398,783.8976,21.72329,0.9786985,24.87691,0.148992,17.90852,0.1024698,0.9646877,100.8205,0.01110776,22.95507,0.09235058,86.98271,20.67109,2.447221,2.813514,3.662939,15.41967,1157.588,0.5105858,1.175496,1018.443,2446.711,4.183495,4.061435,9.020735,242.1357,319.3643,13.83568,4.061559,1.118027,0,0.9361681,-1.862645e-09,0.6110181,25.26664,0.09836786,-38.16801,0,-1.365914,1.005546,393.2941,429.0906,23.26523,295.9303,269.2826,NAN,NAN,NAN,NAN,NAN,1000,90.53825,256.129,129.6689,98.04868,900,99.0959,Kljun et al,201.5,0.4355147,0,319.3643,9,0,0,0,0,0.3400503,9
FLUX_BKLN,Flux_NYSMesonet,2019-06-30 04:00:00.000000,877,2019,6,30,4,0,0,0,201906300330,201906300400,3.170851,0.1395491,7,18000,-13.95152,7,-0.02053551,-0.01026776,7,18000,3.8946,7,18000,0.2749932,1,-0.2791524,0.4840172,-0.006731181,1.350618,-0.002729848,-3296.887,438.3519,3.628696,769.8188,6.643091,0.9780515,24.76959,0.08204408,17.80699,0.06380263,0.9640642,100.8055,0.01195192,23.3463,0.1505406,84.58442,20.6004,2.436557,2.880909,4.443519,15.37728,1156.01,0.6495338,1.173817,1018.381,2445.786,3.837502,3.702831,7.777776,254.8196,306.6804,15.17392,3.70314,1.190434,0,0.9856332,3.72529e-09,0.5591323,25.65108,0.1476897,-43.67017,0,-1.149052,1.756333,388.2059,428.9706,23.2445,296.085,269.3135,NAN,NAN,NAN,NAN,NAN,1000,90.56866,256.2148,129.7125,98.08165,900,99.09583,Kljun et al,201.5,-0.7309398,0,306.6804,9,0,0,0,0,0.3908781,9
FLUX_BKLN,Flux_NYSMesonet,2019-06-30 04:30:00.000000,878,2019,6,30,4,30,0,0,201906300400,201906300430,7.73254,0.3403091,7,18000,-7.088243,7,-0.01043516,-0.005217582,7,18000,-0.9940898,7,18000,0.20036,1,0.1402449,0.4133191,0.002013572,0.9457532,0.002073557,4340.368,435.885,1.78717,764.8073,3.101133,0.9778442,24.86061,0.04803212,17.8566,0.03129538,0.9638754,100.7873,0.005085772,23.52882,0.06155263,83.93816,20.65561,2.444853,2.912711,4.678583,15.42944,1154.987,0.3077635,1.172844,1018.433,2445.354,3.72666,3.63647,6.79673,256.1985,305.3015,12.60097,3.636466,1.000675,0,0.7965561,-2.328306e-10,0.5056234,25.84337,0.06476299,-42.83973,0,-1.391667,1.372043,389.2539,429.3299,23.30654,296.3279,269.3116,NAN,NAN,NAN,NAN,NAN,1000,95.85512,271.0421,137.2837,103.8066,900,99.09578,Kljun et al,201.5,-0.03325423,0,305.3015,9,0,0,0,0,0.2441325,9
FLUX_BKLN,Flux_NYSMesonet,2019-06-30 05:00:00.000000,879,2019,6,30,5,0,0,0,201906300430,201906300500,2.148579,0.09455895,8,18000,-15.06256,8,-0.02217509,-0.01108754,8,18000,-1.694111,8,18000,0.177688,1,0.1124717,0.389265,0.003644147,1.391525,0.004550847,1977.654,435.8243,1.571644,764.5712,2.620244,0.9776236,24.86257,0.05958104,17.85499,0.03895791,0.9636357,100.7752,0.01346361,23.54286,0.1265503,83.86516,20.65491,2.444748,2.915232,4.704835,15.48586,1154.792,0.4043239,1.172647,1018.435,2445.321,3.955713,3.820175,8.359344,268.422,293.078,14.99352,3.820754,1.170637,0,1.041242,0,0.5731284,25.8577,0.1306761,-45.91589,0,-1.74355,1.345739,386.0967,428.9233,23.23632,296.3833,269.3632,NAN,NAN,NAN,NAN,NAN,1000,89.77829,253.9982,128.5805,97.22572,900,99.09584,Kljun et al,201.5,-0.996822,0,293.078,9,0,0,0,0,0.1609857,9
FLUX_BKLN,Flux_NYSMesonet,2019-06-30 05:30:00.000000,880,2019,6,30,5,30,0,0,201906300500,201906300530,3.436976,0.1512613,1,11350,-20.26957,4,-0.02983392,-0.01491696,4,11350,2.097134,1,11350,0.3015811,2,-0.1034622,0.5069475,-0.00346189,1.770374,-0.0006606991,-13621.93,433.6365,1.133168,761.3958,2.023506,0.9778752,24.61088,0.115849,17.68961,0.07985446,0.9638855,100.7566,0.007481738,23.30298,0.05424925,84.22924,20.49075,2.420147,2.873291,4.531441,15.40226,1155.797,0.2733318,1.173487,1018.291,2445.888,4.631269,4.491913,10.01572,275.5256,285.9744,14.05069,4.492209,1.369182,0,1.119077,3.72529e-09,0.6432379,25.58574,0.0571772,-48.05304,0,-1.988163,1.123395,383.1888,428.1302,23.09921,296.2227,269.3904,NAN,NAN,NAN,NAN,NAN,1000,93.58804,264.6829,134.0368,101.3515,900,99.09587,Kljun et al,201.5,-0.6755633,0,285.9744,9,0,0,0,0,0.2379569,9
FLUX_BKLN,Flux_NYSMesonet,2019-06-30 06:00:00.000000,881,2019,6,30,6,0,0,0,201906300530,201906300600,5.49401,0.2417914,1,18000,-13.19295,1,-0.01941785,-0.009708926,1,18000,2.322006,1,18000,0.1550549,1,-0.1760035,0.3635348,-0.005346605,1.166916,-0.00320267,-2810.155,439.3107,2.055511,771.2578,3.547993,0.97777,24.50463,0.0594437,17.61096,0.04144932,0.9637808,100.7277,0.01105874,23.28719,0.04199958,83.93076,20.41779,2.409256,2.870545,4.612889,15.24189,1155.647,0.2196154,1.173258,1018.23,2445.926,4.411543,4.297562,8.310301,283.1118,278.3882,13.01984,4.298265,1.028531,0,0.9802721,7.450581e-09,0.5612684,25.56721,0.04317073,-48.19489,0,-1.767904,1.488305,382.6295,427.5681,23.00194,296.1067,269.4399,NAN,NAN,NAN,NAN,NAN,1000,99.99928,282.6667,143.219,108.2946,900,99.0956,Kljun et al,201.5,-1.037875,0,278.3882,9,0,0,0,0,0.07067735,9
FLUX_BKLN,Flux_NYSMesonet,2019-06-30 06:30:00.000000,882,2019,6,30,6,30,0,0,201906300600,201906300630,8.535781,0.3756597,9,18000,-20.58268,9,-0.03029096,-0.01514548,9,18000,-0.08998505,9,18000,0.3119664,2,0.004371881,0.5156225,0.0001460805,1.724201,0.001017096,8848.723,441.6068,1.469984,775.4643,2.558227,0.9777061,24.32614,0.133537,17.48662,0.09286325,0.9637389,100.694,0.01251152,23.17261,0.05894635,83.88393,20.29665,2.391324,2.850749,4.59425,15.25856,1155.908,0.2626704,1.173395,1018.128,2446.197,4.635998,4.525695,9.817429,275.3674,286.1326,12.49415,4.526016,1.453081,0,0.9945928,0,0.5896959,25.43537,0.06887598,-46.2658,0,-1.833466,1.211235,384.1263,427.3474,22.96368,296.0775,269.4386,NAN,NAN,NAN,NAN,NAN,1000,100.9797,285.4164,144.6231,109.3563,900,99.0956,Kljun et al,201.5,-0.6860591,0,286.1326,9,0,0,0,0,0.2462504,9
FLUX_BKLN,Flux_NYSMesonet,2019-06-30 07:00:00.000000,883,2019,6,30,7,0,0,0,201906300630,201906300700,5.103922,0.2246236,2,18000,-17.74378,1,-0.02610862,-0.01305431,1,18000,0.9413318,9,18000,0.2726972,1,-0.05305138,0.4820307,-0.00163458,1.12471,0.0001423518,63223.66,442.1009,1.030969,776.6274,1.74648,0.9778202,24.03271,0.1168163,17.28226,0.08036226,0.9638318,100.6442,0.01327846,22.99815,0.07713614,83.73411,20.09708,2.361986,2.820834,4.58848,15.04671,1156.348,0.2930641,1.17363,1017.96,2446.609,3.843397,3.740747,7.488228,263.5562,297.9438,13.23754,3.741362,1.093321,0,0.85191,0,0.572991,25.23266,0.08542038,-39.00457,0,-1.627126,0.9586605,390.5659,426.9847,22.90076,295.9404,269.4038,NAN,NAN,NAN,NAN,NAN,1000,89.43797,253.0434,128.0931,96.85714,900,99.09588,Kljun et al,201.5,-1.035348,0,297.9438,9,0,0,0,0,0.3736126,9
FLUX_BKLN,Flux_NYSMesonet,2019-06-30 07:30:00.000000,884,2019,6,30,7,30,0,0,201906300700,201906300730,3.915333,0.1723138,4,18000,-14.57135,1,-0.02143666,-0.01071833,1,18000,1.561418,8,18000,0.2185249,1,-0.1071567,0.4313906,-0.003028431,1.425883,-0.0008427471,-10679.36,444.7743,1.514331,781.8518,2.691769,0.978233,23.78885,0.08588885,17.11847,0.05870612,0.9642413,100.623,0.005011573,22.80646,0.05809205,83.85496,19.9329,2.338084,2.788263,4.501786,14.86574,1157.129,0.2807152,1.174247,1017.82,2447.063,4.441446,4.296701,8.171522,272.7488,288.7512,14.62259,4.29711,1.100071,0,1.129775,-7.450581e-09,0.6043327,25.01718,0.06328513,-50.91282,0,-2.147162,1.180758,377.2081,424.793,22.5202,295.6913,269.4352,NAN,NAN,NAN,NAN,NAN,1000,94.49121,267.2162,135.3303,102.3295,900,99.09583,Kljun et al,201.5,-0.7802256,0,288.7512,9,0,0,0,0,0.151613,9
FLUX_BKLN,Flux_NYSMesonet,2019-06-30 08:00:00.000000,885,2019,6,30,8,0,0,0,201906300730,201906300800,4.025403,0.177158,2,18000,-7.141159,1,-0.01050518,-0.005252588,1,18000,1.048174,6,18000,0.1744195,1,-0.1467793,0.3853625,-0.002275553,1.176189,-0.001085602,-8290.33,445.9319,1.528892,784.1588,2.679921,0.9780787,23.58449,0.1233395,16.97731,0.08798873,0.964098,100.6194,0.005620104,22.75224,0.03609061,83.42261,19.79626,2.318378,2.779103,4.607251,14.75235,1157.531,0.149034,1.174508,1017.703,2447.191,4.767842,4.668365,8.383213,287.9639,273.5361,11.69998,4.669237,1.070473,0,0.9572938,7.450581e-09,0.5385682,24.94381,0.03316718,-52.11472,0,-1.929147,1.532449,375.4155,424.0686,22.39409,295.5328,269.4541,NAN,NAN,NAN,NAN,NAN,1000,110.4341,311.939,158.1638,119.595,900,99.09451,Kljun et al,201.5,-1.109304,0,273.5361,9,0,0,0,0,0.06268681,9
FLUX_BKLN,Flux_NYSMesonet,2019-06-30 08:30:00.000000,886,2019,6,30,8,30,0,0,201906300800,201906300830,4.918615,0.2164682,7,18000,-8.304548,7,-0.01221562,-0.00610781,7,18000,-0.5955429,7,18000,0.1442468,1,0.07171286,0.3503851,0.001421682,1.07932,0.002637355,3412.509,442.972,1.324418,779.3784,2.34228,0.9780673,23.29327,0.06195365,16.77681,0.04216538,0.9640995,100.6172,0.007947036,22.6687,0.03896715,82.83218,19.60046,2.290353,2.765059,4.747052,14.57501,1158.162,0.2412349,1.174938,1017.536,2447.388,4.970777,4.898626,9.451466,290.5902,270.9098,9.758729,4.899374,1.093004,0,0.8321643,0,0.521041,24.83296,0.04267751,-51.99221,0,-1.918537,1.508966,375.1257,423.6904,22.32817,295.4566,269.3935,NAN,NAN,NAN,NAN,NAN,1000,118.081,333.3925,169.1157,127.8762,900,99.09231,Kljun et al,201.5,-1.010073,0,270.9098,9,0,0,0,0,0.02916285,9
FLUX_BKLN,Flux_NYSMesonet,2019-06-30 09:00:00.000000,887,2019,6,30,9,0,0,0,201906300830,201906300900,3.762475,0.1655865,9,18000,-6.696337,9,-0.009849008,-0.004924504,9,18000,-0.04087951,9,18000,0.1189996,1,0.006104758,0.3181844,0.0001074244,0.8510362,0.00144329,6235.752,444.5214,0.9997362,782.442,1.759685,0.9778906,23.23776,0.05086339,16.74406,0.03573068,0.9639245,100.6192,0.003062962,22.56296,0.02662631,83.17308,19.56326,2.285064,2.747367,4.623022,14.46854,1158.661,0.1274475,1.175406,1017.505,2447.639,4.254956,4.190179,7.680117,289.1257,272.3743,9.994185,4.190969,0.9876013,0,0.726835,-7.450581e-09,0.4454513,24.72136,0.02766934,-56.01528,0,-2.160998,1.656981,370.0021,422.1994,22.06785,295.2727,269.4645,NAN,NAN,NAN,NAN,NAN,1000,117.9895,333.1357,168.9846,127.7772,900,99.09236,Kljun et al,201.5,-1.106524,0,272.3743,9,0,0,0,0,0.04067761,9
FLUX_BKLN,Flux_NYSMesonet,2019-06-30 09:30:00.000000,888,2019,6,30,9,30,0,0,201906300900,201906300930,5.495302,0.2418482,7,18000,-5.095108,7,-0.007493271,-0.003746635,7,18000,-0.6318367,7,18000,0.1192958,1,0.1240085,0.318527,0.001658129,0.7797712,0.002996956,3003.047,445.753,1.582093,784.9284,2.823792,0.9777624,23.12021,0.06326651,16.66612,0.04510443,0.9638152,100.6183,0.004002165,22.47442,0.05251837,83.20789,19.48335,2.273747,2.732639,4.588926,14.42525,1159.132,0.1976712,1.175798,1017.437,2447.848,3.807676,3.740793,6.883469,283.4969,278.0031,10.73529,3.742513,0.9374831,0,0.7103226,0,0.4196541,24.6214,0.05265791,-42.55516,0.1796625,0.01499091,1.94347,381.4679,422.0945,22.04944,295.1695,269.4741,NAN,NAN,NAN,NAN,NAN,1000,112.9323,318.9474,161.7417,122.3005,900,99.09401,Kljun et al,201.5,-1.733462,0,278.0031,9,0,0,0,0,0.072961,9
FLUX_BKLN,Flux_NYSMesonet,2019-06-30 10:00:00.000000,889,2019,6,30,10,0,0,0,201906300930,201906301000,6.61449,0.2911037,7,18000,-11.674,7,-0.01716861,-0.008584307,7,18000,-1.656316,7,18000,0.1409558,1,0.1418808,0.3462215,0.003999092,0.8792273,0.005862081,1535.291,443.4531,1.519256,781.061,2.650387,0.9777717,22.89685,0.08819366,16.50896,0.05964403,0.9638285,100.6179,0.007720058,22.46875,0.04883468,82.44939,19.3307,2.252263,2.731696,4.794331,14.31217,1159.403,0.3304117,1.175912,1017.309,2447.861,3.785765,3.693327,7.190885,286.3519,275.1481,12.65707,3.694297,0.9501801,0,0.8120481,0,0.4429336,24.59522,0.05475127,-45.29268,0.3800949,17.54562,5.447065,364.0218,421.413,21.93031,295.2151,269.4174,NAN,NAN,NAN,NAN,NAN,1000,107.1638,302.7638,153.48,116.0534,900,99.09511,Kljun et al,201.5,-1.306408,0,275.1481,9,0,0,0,0,0.1134423,9
FLUX_BKLN,Flux_NYSMesonet,2019-06-30 10:30:00.000000,890,2019,6,30,10,30,0,0,201906301000,201906301030,6.332326,0.2786857,7,18000,-6.407602,7,-0.009422111,-0.004711056,7,18000,1.150269,8,18000,0.1415537,1,-0.1795163,0.3468431,-0.002770712,0.9908569,-0.001852308,-4858.803,443.2205,1.611462,781.22,2.861911,0.9777434,22.76203,0.05557426,16.42372,0.03925009,0.9638084,100.6269,0.005380054,22.31868,0.06804437,82.73431,19.23945,2.239496,2.706896,4.674001,14.20215,1160.248,0.2992366,1.176671,1017.232,2448.216,4.094216,4.004409,7.255622,290.0157,271.4843,11.99646,4.005291,1.02073,0,0.8332272,7.450581e-09,0.4955372,24.43171,0.06927336,-7.215341,0.2326814,73.18051,16.88296,360.4572,423.9702,22.37659,295.4516,269.3273,NAN,NAN,NAN,NAN,NAN,1000,104.4137,295.0497,149.5413,113.0751,900,99.09531,Kljun et al,201.5,-1.207128,0,271.4843,9,0,0,0,0,0.07915473,9
FLUX_BKLN,Flux_NYSMesonet,2019-06-30 11:00:00.000000,891,2019,6,30,11,0,0,0,201906301030,201906301100,4.62346,0.2034785,7,18000,-3.66731,7,-0.005393355,-0.002696677,7,18000,2.644542,7,18000,0.1353456,1,-0.7211122,0.3392095,-0.006515897,1.209395,-0.00634108,-1419.317,443.0926,1.375874,780.7693,2.459543,0.9779813,22.68075,0.1128896,16.36035,0.0822342,0.9640083,100.6375,0.008518743,22.4586,0.1291457,81.7589,19.18486,2.23191,2.730077,4.98167,14.14489,1159.913,0.3981723,1.176273,1017.185,2447.885,4.099495,3.991991,8.593444,297.8501,263.6499,13.11694,3.992851,1.146142,0,0.9097038,7.450581e-09,0.5268654,24.56518,0.1261702,49.9742,0.2178782,154.1784,33.49352,361.2615,431.9722,23.76034,296.0913,269.1116,NAN,NAN,NAN,NAN,NAN,1000,99.16322,280.3213,142.0216,107.3892,900,99.09566,Kljun et al,201.5,-1.183466,0,263.6499,9,0,0,0,0,0.07223253,9
FLUX_BKLN,Flux_NYSMesonet,2019-06-30 11:30:00.000000,892,2019,6,30,11,30,0,0,201906301100,201906301130,4.807712,0.2115874,3,18000,2.429519,7,0.003574086,0.001787043,7,18000,16.94085,3,18000,0.1391213,3,6.972925,0.3440711,-0.04119566,1.480765,-0.04294367,-209.5769,439.6718,1.492282,774.129,2.622552,0.978061,22.4279,0.1080504,16.16517,0.07616907,0.9640405,100.6411,0.01047522,22.77633,0.1379937,79.32453,19.00964,2.207655,2.783246,5.755906,14.00913,1158.996,0.6249474,1.175161,1017.04,2447.134,4.327468,4.20801,8.438528,296.9451,264.5549,13.45788,4.208544,1.310844,0,0.9674546,7.450581e-09,0.554302,24.86196,0.140869,112.1051,0.2062572,244.8491,50.44097,361.3982,443.7012,25.75464,296.9678,268.7109,NAN,NAN,NAN,NAN,NAN,1413.108,96.30686,270.1967,137.5826,104.0683,900,99.35882,Kljun et al,201.5,-0.9090219,0,264.5549,9,0,0,0,0,0.07223253,9
FLUX_BKLN,Flux_NYSMesonet,2019-06-30 12:00:00.000000,893,2019,6,30,12,0,0,0,201906301130,201906301200,3.524814,0.1551271,4,18000,4.230902,7,0.006225892,0.003112946,7,18000,41.68926,2,18000,0.1852472,1,9.853516,0.3972455,-0.0879171,1.516989,-0.06850993,-131.3678,435.6427,1.319298,766.3698,2.322519,0.9780849,22.10135,0.143739,15.91599,0.1028631,0.9640653,100.6219,0.006517589,23.07133,0.2131358,76.80037,18.77673,2.17579,2.833529,6.577384,13.85557,1157.991,0.8434476,1.173907,1016.853,2446.436,5.297678,5.188014,9.044478,295.3678,266.1322,11.65396,5.188708,1.287053,0,1.023825,0,0.5738097,25.12902,0.2143598,178.4584,0.198239,343.0339,67.96342,360.4564,457.0685,27.98069,297.7029,268.3514,NAN,NAN,NAN,NAN,NAN,1450.951,105.0918,294.5434,150.109,113.5455,900,99.37501,Kljun et al,201.5,-0.9362199,0,266.1322,9,0,0,0,0,0.07223253,9
FLUX_BKLN,Flux_NYSMesonet,2019-06-30 12:30:00.000000,894,2019,6,30,12,30,0,0,201906301200,201906301230,7.314195,0.3218977,5,18000,23.01919,5,0.033898,0.016949,5,18000,41.68218,5,18000,0.1977758,1,1.810758,0.4109623,-0.08518462,1.886208,-0.06358849,-141.535,432.9711,2.21716,759.8832,4.237622,0.9779707,21.93769,0.1919851,15.76104,0.1382287,0.9638796,100.624,0.008205308,23.8224,0.3072163,72.87662,18.66053,2.160069,2.965066,8.049976,13.79365,1155.272,1.234107,1.171033,1016.759,2444.66,4.795049,4.638949,9.69469,297.4386,264.0614,14.6147,4.639319,1.387687,0,1.19908,3.72529e-09,0.6394889,25.87023,0.3081408,242.8646,0.1937761,442.3157,85.66568,361.6953,475.4807,30.96618,298.8032,267.8765,NAN,NAN,NAN,NAN,NAN,1446.031,99.01732,277.6336,141.4353,106.9843,900,99.37325,Kljun et al,201.5,-0.7251664,0,264.0614,9,0,0,0,0,0.07223253,9
FLUX_BKLN,Flux_NYSMesonet,2019-06-30 13:00:00.000000,895,2019,6,30,13,0,0,0,201906301230,201906301300,5.537516,0.2437061,1,18000,33.39997,1,0.04921311,0.02460655,1,18000,55.83121,1,18000,0.2557343,1,1.671594,0.467732,-0.1004804,2.663648,-0.05795326,-155.2976,425.9978,2.286452,746.7101,3.79639,0.9775461,21.06476,0.4460332,15.11491,0.3148131,0.9634158,100.6144,0.009760046,24.41876,0.2489753,67.56214,18.02264,2.075678,3.072931,9.972529,13.24534,1153.832,1.053267,1.168947,1016.258,2443.25,5.226448,5.010093,10.16916,307.8254,253.6746,16.48028,5.012652,1.60461,0,1.478291,1.490116e-08,0.7531117,26.39001,0.254025,308.1954,0.1865104,538.8191,100.4454,363.8529,494.0312,33.89258,300.0816,267.1621,NAN,NAN,NAN,NAN,NAN,1439.372,96.34875,270.2202,137.6273,104.1035,900,99.37046,Kljun et al,201.5,-1.829769,0,253.6746,9,0,0,0,0,0.07223253,9
FLUX_BKLN,Flux_NYSMesonet,2019-06-30 13:30:00.000000,896,2019,6,30,13,30,0,0,201906301300,201906301330,4.800257,0.2112593,5,18000,34.91769,5,0.05148445,0.02574223,5,18000,51.81973,5,18000,0.2528761,1,1.484054,0.4655898,-0.09394854,2.698685,-0.05481172,-164.1985,419.764,2.066262,734.8279,3.717209,0.9773755,19.83122,0.552619,14.21141,0.396674,0.9631631,100.5995,0.006216136,25.12265,0.4013527,61.08028,17.08093,1.956188,3.205327,12.49139,12.75094,1152.332,1.389255,1.166543,1015.549,2441.585,5.480715,5.242371,10.32983,306.564,254.936,16.89152,5.243648,1.499056,0,1.619932,2.235174e-08,0.7252738,26.98413,0.3859434,370.3764,0.1821233,631.6396,115.0046,365.3581,511.6167,36.58691,300.9835,266.4009,NAN,NAN,NAN,NAN,NAN,1435.065,98.93206,277.435,141.3198,106.8963,900,99.36848,Kljun et al,201.5,-1.278347,0,254.936,9,0,0,0,0,0.07223253,9
FLUX_BKLN,Flux_NYSMesonet,2019-06-30 14:00:00.000000,897,2019,6,30,14,0,0,0,201906301330,201906301400,5.317649,0.2340297,1,18000,78.30225,4,0.1155076,0.05775378,4,18000,69.32911,1,18000,0.2417519,1,0.8854038,0.455548,-0.1287571,2.34607,-0.08049293,-111.8111,415.5323,1.061393,727.1271,1.533579,0.9771152,18.2393,0.4460579,13.06522,0.3141554,0.9629052,100.5667,0.01527981,25.61116,0.2716036,54.61036,15.78724,1.801396,3.299318,14.97922,11.89703,1151.87,1.190519,1.164935,1014.632,2440.43,5.837876,5.653974,11.39881,305.5711,255.9289,14.37642,5.654857,1.452867,0,1.43756,7.450581e-09,0.7174523,27.32759,0.2818227,424.4895,0.1772914,714.6176,126.6657,366.3096,529.772,39.3022,302.0702,265.4669,NAN,NAN,NAN,NAN,NAN,1460.414,98.06834,274.939,140.0716,105.9535,900,99.37944,Kljun et al,201.5,-1.016309,0,255.9289,9,0,0,0,0,0.07223253,9
FLUX_BKLN,Flux_NYSMesonet,2019-06-30 14:30:00.000000,898,2019,6,30,14,30,0,0,201906301400,201906301430,4.422534,0.1946357,5,18000,23.39628,5,0.03453077,0.01726539,5,18000,56.30666,5,18000,0.1660584,3,2.406651,0.3779016,-0.1263265,2.888394,-0.1097797,-81.98235,414.699,1.4,724.5631,2.502832,0.977327,17.73134,0.2558718,12.68196,0.1717379,0.9630356,100.5414,0.008584397,26.14181,0.4003425,51.46235,15.35306,1.751669,3.405081,16.53412,11.1292,1150.114,1.714062,1.162796,1014.339,2439.175,5.916874,5.673255,10.94045,299.412,262.088,16.43591,5.673249,1.559959,0,1.690025,2.328306e-10,0.6979476,27.81391,0.4158618,467.9262,0.1729411,769.8007,133.5411,377.0703,545.4037,41.58028,302.7708,264.8511,NAN,NAN,NAN,NAN,NAN,1474.847,86.33376,242.2015,123.304,93.27076,900,99.3856,Kljun et al,201.5,-0.03049904,0,262.088,9,0,0,0,0,0.07223253,9
FLUX_BKLN,Flux_NYSMesonet,2019-06-30 15:00:00.000000,899,2019,6,30,15,0,0,0,201906301430,201906301500,4.973639,0.2188898,1,18000,58.49952,1,0.08638355,0.04319178,1,18000,116.5361,1,18000,0.5453924,1,1.992087,0.6854928,-0.1444611,5.142254,-0.03829131,-235.0403,411.1504,1.238562,717.3615,1.906607,0.9772608,17.0029,0.3520243,12.14405,0.245781,0.9629358,100.504,0.01717306,26.66212,0.3569733,47.87394,14.70519,1.680281,3.511014,18.30732,11.13716,1148.511,1.45263,1.160655,1013.919,2437.944,7.86938,7.579324,16.3214,309.0551,252.4449,15.55091,7.580282,2.163261,0,2.120812,7.450581e-09,1.052124,28.26896,0.3676714,526.0251,0.1701179,835.3547,143.0511,381.6252,547.9036,41.94115,303.0668,264.4251,NAN,NAN,NAN,NAN,NAN,1400.787,100.1117,280.8488,143.0257,108.1847,900,99.35313,Kljun et al,201.5,-0.9059471,0,252.4449,9,0,0,0,0,0.07223253,9
FLUX_BKLN,Flux_NYSMesonet,2019-06-30 15:30:00.000000,900,2019,6,30,15,30,0,0,201906301500,201906301530,4.31052,0.189706,1,18000,30.51422,1,0.04507909,0.02253954,1,18000,124.2605,1,18000,0.6237323,1,4.072217,0.7336125,-0.1441714,5.79769,-0.03279439,-274.4372,410.6173,0.7816674,715.5223,1.069044,0.9765473,16.67726,0.3008586,11.89627,0.203671,0.9622403,100.4984,0.01504467,27.12265,0.3824919,45.71152,14.41063,1.648537,3.607427,19.5889,10.66407,1147.054,1.617371,1.15895,1013.731,2436.855,7.451791,7.135952,15.84535,308.2613,253.2387,16.67581,7.137817,2.434078,0,2.12919,1.490116e-08,1.066393,28.70144,0.4004535,556.9597,0.1678547,871.0034,148.0407,391.1459,557.149,43.25752,303.704,264.0295,NAN,NAN,NAN,NAN,NAN,1381.724,104.5624,293.3342,149.3967,113.0026,900,99.34394,Kljun et al,201.5,-1.311353,0,253.2387,9,0,0,0,0,0.07223253,9
FLUX_BKLN,Flux_NYSMesonet,2019-06-30 16:00:00.000000,901,2019,6,30,16,0,0,0,201906301530,201906301600,2.148363,0.09454945,1,18000,37.44451,2,0.05533919,0.0276696,2,18000,104.9913,1,18000,0.486642,1,2.803917,0.6485316,-0.1380517,4.927423,-0.04040617,-222.7383,409.9404,0.7704698,713.3233,1.239239,0.9762734,16.31477,0.3335857,11.62112,0.2301522,0.9619438,100.4554,0.01848167,27.53046,0.3819544,43.66138,14.06964,1.61259,3.694626,20.82036,10.55805,1145.416,1.593536,1.157037,1013.521,2435.89,7.199332,6.87556,16.32566,307.1906,254.3094,17.17744,6.876281,2.071517,0,2.126188,1.490116e-08,1.021269,29.07735,0.3965453,627.2294,0.1684155,979.7537,165.1224,389.3679,576.7698,46.01245,304.6309,263.6747,NAN,NAN,NAN,NAN,NAN,1406.74,98.07735,275.1549,140.1157,105.984,900,99.35596,Kljun et al,201.5,-0.8242814,0,254.3094,9,0,0,0,0,0.07223253,9
FLUX_BKLN,Flux_NYSMesonet,2019-06-30 16:30:00.000000,902,2019,6,30,16,30,0,0,201906301600,201906301630,6.098294,0.2683859,1,18000,47.16682,2,0.06971215,0.03485608,2,18000,135.5202,1,18000,0.4530759,1,2.873209,0.6258008,-0.1847381,4.712341,-0.05802729,-155.0994,409.0798,0.977042,711.9589,1.371549,0.976347,15.82817,0.2113878,11.27663,0.1395714,0.9620135,100.4476,0.01109374,27.59481,0.4052584,42.21724,13.61137,1.565125,3.708653,21.43528,9.850595,1145.631,1.653192,1.156908,1013.24,2435.738,7.198218,6.910185,14.1958,304.321,257.179,16.20295,6.910769,2.098873,0,2.02355,7.450581e-09,0.9615925,29.0963,0.4202066,514.7987,0.1632775,831.3879,138.016,390.8076,569.3808,44.97241,304.4866,263.4088,NAN,NAN,NAN,NAN,NAN,1439.468,100.0212,280.4543,142.873,108.0715,900,99.37038,Kljun et al,201.5,-0.751833,0,257.179,9,0,0,0,0,0.07223253,9
FLUX_BKLN,Flux_NYSMesonet,2019-06-30 17:00:00.000000,903,2019,6,30,17,0,0,0,201906301630,201906301700,3.84142,0.1690609,1,18000,37.52482,1,0.05545814,0.02772907,1,18000,124.7908,1,18000,0.5187564,3,3.325555,0.669618,-0.1589756,5.405441,-0.04349456,-206.9225,409.9758,1.009551,713.5302,1.747486,0.9758217,15.84176,0.2065013,11.28655,0.14087,0.9615143,100.4306,0.01330149,27.53508,0.4149913,42.39825,13.62181,1.566182,3.695767,21.29584,9.529499,1145.649,1.617875,1.156936,1013.248,2435.88,7.79169,7.545558,15.60398,313.2403,248.2597,14.39638,7.547462,2.524137,0,1.826447,2.980232e-08,1.050576,29.03754,0.4238825,477.1095,0.1629788,767.7549,127.6737,398.7015,561.6732,43.87501,304.2131,263.1965,NAN,NAN,NAN,NAN,NAN,1414.392,98.36843,275.9389,140.5269,106.2954,900,99.35931,Kljun et al,201.5,-1.287738,0,248.2597,9,0,0,0,0,0.07223253,9
FLUX_BKLN,Flux_NYSMesonet,2019-06-30 17:30:00.000000,904,2019,6,30,17,30,0,0,201906301700,201906301730,2.541529,0.1118527,1,18000,38.99269,1,0.05762123,0.02881061,1,18000,120.2235,1,18000,0.4710093,1,3.083231,0.6379706,-0.1606978,5.130092,-0.04852449,-185.4734,409.9567,0.8417728,713.6309,1.44801,0.9762282,15.98119,0.2169459,11.38801,0.1465168,0.9619156,100.4257,0.01252882,27.42281,0.4011925,43.04306,13.75358,1.579674,3.67151,20.91836,9.707127,1145.865,1.598566,1.157253,1013.329,2436.145,8.313045,8.033908,17.8315,309.806,251.694,14.8427,8.034671,2.169555,0,2.117944,7.450581e-09,1.033212,28.93781,0.4123598,648.6583,0.166797,1000.147,166.8282,383.2596,567.9197,44.77845,304.1878,263.0946,NAN,NAN,NAN,NAN,NAN,1424.771,95.90141,269.024,136.9966,103.6256,900,99.36414,Kljun et al,201.5,-0.79568,0,251.694,9,0,0,0,0,0.07223253,9
FLUX_BKLN,Flux_NYSMesonet,2019-06-30 18:00:00.000000,905,2019,6,30,18,0,0,0,201906301730,201906301800,3.494486,0.1537923,3,18000,63.50816,3,0.09387521,0.0469376,3,18000,114.4058,3,18000,0.3876664,3,1.801435,0.5790671,-0.1686807,5.353718,-0.06264999,-143.6553,409.0347,0.9736473,711.4955,1.41533,0.9757806,15.59088,0.5221374,11.10137,0.3614841,0.9614595,100.409,0.01263544,27.71224,0.3899749,41.28929,13.37084,1.541409,3.734115,21.92706,10.16609,1145.012,1.742143,1.156113,1013.103,2435.46,8.021461,7.725363,16.29632,310.3111,251.1889,15.56238,7.725893,2.241665,0,2.124395,7.450581e-09,1.081352,29.19199,0.4122347,473.6283,0.1603714,774.0706,127.6254,391.8474,564.6643,44.29536,304.4233,262.9174,NAN,NAN,NAN,NAN,NAN,1445.005,85.57471,240.1793,122.2345,92.46042,900,99.373,Kljun et al,201.5,-0.6667162,0,251.1889,9,0,0,0,0,0.07223253,9
FLUX_BKLN,Flux_NYSMesonet,2019-06-30 18:30:00.000000,906,2019,6,30,18,30,0,0,201906301800,201906301830,5.352635,0.2355694,1,18000,74.89087,2,0.1107073,0.05535365,2,18000,129.5309,1,18000,0.6633076,1,1.729596,0.7574566,-0.1460672,5.204784,-0.03174536,-283.506,408.5864,0.9497616,711.0498,1.425129,0.9755312,14.82444,0.4868912,10.56076,0.3418498,0.9612287,100.401,0.01427575,27.77403,0.4195817,39.15609,12.61075,1.466625,3.747746,22.81121,9.513802,1145.55,1.678454,1.156111,1012.66,2435.314,7.11903,6.839622,15.53134,310.317,251.183,16.047,6.841486,2.363122,0,1.946701,1.490116e-08,1.017633,29.18192,0.4253185,491.8543,0.1651994,797.6562,133.1169,378.6677,551.3528,42.40842,303.8031,262.7543,NAN,NAN,NAN,NAN,NAN,1377.336,111.3651,312.3246,159.1194,120.3565,900,99.34092,Kljun et al,201.5,-1.340434,0,251.183,9,0,0,0,0,0.07223253,9
FLUX_BKLN,Flux_NYSMesonet,2019-06-30 19:00:00.000000,907,2019,6,30,19,0,0,0,201906301830,201906301900,2.995631,0.1318377,1,18000,51.72465,1,0.07648727,0.03824363,1,18000,134.4424,1,18000,0.7176895,1,2.599195,0.7882911,-0.1458551,6.634606,-0.02889058,-311.5203,407.0648,0.7057691,707.8646,1.114857,0.9753907,14.42692,0.3224991,10.26966,0.2169985,0.9610782,100.3994,0.01850161,28.11567,0.4475709,37.35649,12.20672,1.427848,3.823278,23.9543,8.77291,1144.681,1.862492,1.15495,1012.43,2434.506,8.463782,8.147659,18.64721,309.1079,252.3921,15.6542,8.149057,2.607397,0,2.255666,0,1.175868,29.48771,0.4713776,541.8176,0.1636107,852.4304,140.7677,390.8339,560.679,43.7596,304.651,262.3726,NAN,NAN,NAN,NAN,NAN,1363.781,102.4232,287.4405,146.3523,110.6987,900,99.33557,Kljun et al,201.5,-1.050129,0,252.3921,9,0,0,0,0,0.07223253,9
FLUX_BKLN,Flux_NYSMesonet,2019-06-30 19:30:00.000000,908,2019,6,30,19,30,0,0,201906301900,201906301930,-0.02618143,-0.001152245,9,17982,-1.305846,9,-0.001927951,-0.0009639755,9,17982,243.4943,5,17982,1.211065,1,-186.4647,1.021116,-0.2027068,9.09051,-0.02347879,-383.3247,409.5887,2.109625,716.011,6.285108,0.9739947,15.0829,0.4430721,10.794,0.3537327,0.9597112,100.4442,0.02469668,26.48454,1.310648,43.18472,12.87857,1.492467,3.48289,19.90423,8.994734,1150.702,4.77675,1.161496,1012.81,2438.364,7.632444,7.017502,17.18092,336.6037,224.8963,22.99165,7.022552,2.833818,0,2.924453,2.980232e-08,1.264148,27.91042,1.282498,130.8416,0.1584599,273.3435,43.76871,410.1005,508.8337,36.14603,301.8137,262.5265,NAN,NAN,NAN,NAN,NAN,1329.036,118.8933,333.548,169.9141,128.5178,900,99.31477,Kljun et al,201.5,-2.175148,0,224.8963,9,0,0,0,0,0.07223253,9
FLUX_BKLN,Flux_NYSMesonet,2019-06-30 20:00:00.000000,909,2019,6,30,20,0,0,0,201906301930,201906302000,0.07553009,0.003324079,9,17984,93.65777,2,0.1381495,0.06907474,2,17984,181.7363,1,17984,1.215559,1,1.940429,1.021242,-0.1507251,6.568281,-0.01808042,-497.7761,410.8863,1.399286,720.6158,2.678571,0.9733409,15.40953,0.3485974,11.06303,0.2425347,0.9592068,100.4875,0.01764835,25.53793,0.3977054,46.43404,13.2103,1.524956,3.285429,17.60473,9.665508,1154.455,1.637318,1.165518,1012.998,2440.603,7.327628,7.016424,17.47553,343.3481,218.1519,16.69267,7.020304,2.710882,0,2.074275,2.980232e-08,1.21863,26.99007,0.4114981,496.105,0.169837,756.494,128.3845,388.8107,520.8151,37.95274,300.8488,262.6951,NAN,NAN,NAN,NAN,NAN,1273.657,81.77374,230.1802,116.8979,88.41499,900,99.28934,Kljun et al,201.5,-1.90343,0,218.1519,9,0,0,0,0,0.5381201,9
FLUX_BKLN,Flux_NYSMesonet,2019-06-30 20:30:00.000000,910,2019,6,30,20,30,0,0,201906302000,201906302030,6.479706,0.2851718,4,17985,84.25249,1,0.1242967,0.06214833,1,17985,173.2926,1,17985,0.9876099,1,2.056825,0.9206624,-0.159522,5.696832,-0.02349065,-383.1311,410.0714,1.857402,719.1996,3.347972,0.9727378,14.86796,0.344567,10.67457,0.2412507,0.9586569,100.4934,0.01483947,25.70746,0.4276961,44.38379,12.67239,1.472233,3.318765,18.46533,9.35201,1154.483,1.708929,1.165157,1012.685,2440.202,6.423349,6.133978,17.80982,342.6604,218.8396,17.19221,6.13627,2.557598,0,1.890716,0,1.130286,27.10979,0.4387457,432.6665,0.1682504,712.1949,119.8269,364.5546,524.2561,38.48577,301.1919,262.5753,NAN,NAN,NAN,NAN,NAN,1329.13,79.93521,224.8436,114.2378,86.40601,900,99.31877,Kljun et al,201.5,-1.567793,0,218.8396,9,0,0,0,0,0.5381201,9
FLUX_BKLN,Flux_NYSMesonet,2019-06-30 21:00:00.000000,911,2019,6,30,21,0,0,0,201906302030,201906302100,6.577506,0.289476,4,18000,61.46395,1,0.09069211,0.04534606,1,18000,163.5934,1,18000,0.9106687,1,2.661615,0.8842419,-0.1568748,4.786945,-0.02486078,-362.016,407.8042,1.686095,715.0387,2.646669,0.9726446,14.66256,0.1662319,10.52425,0.1099587,0.9585662,100.5051,0.01197312,25.87933,0.3859964,43.33697,12.46805,1.452364,3.35256,19.00196,9.239388,1154.187,1.563601,1.164711,1012.566,2439.795,6.459828,6.214521,15.02993,338.1773,223.3227,15.78447,6.215264,2.315454,0,1.721969,0,1.116864,27.26323,0.3973123,362.3299,0.1699653,622.4136,105.7794,366.376,520.6803,37.95196,301.334,262.5672,NAN,NAN,NAN,NAN,NAN,1339.347,78.13856,219.7969,111.6647,84.46031,900,99.32391,Kljun et al,201.5,-0.8876233,0,223.3227,9,0,0,0,0,0.5381201,9
FLUX_BKLN,Flux_NYSMesonet,2019-06-30 21:30:00.000000,912,2019,6,30,21,30,0,0,201906302100,201906302130,4.095224,0.1802308,1,18000,47.01732,1,0.06940081,0.0347004,1,18000,157.6509,1,18000,1.093705,1,3.353038,0.9696057,-0.1380326,6.25953,-0.0180841,-497.6747,406.5092,1.395979,711.959,2.056405,0.9727334,14.60653,0.1471528,10.47214,0.09595488,0.9586441,100.5111,0.01389768,26.25361,0.3960705,42.23182,12.4117,1.446982,3.427622,19.8064,8.959753,1152.877,1.558986,1.163349,1012.534,2438.91,6.673929,6.316691,15.91059,334.4052,227.0948,18.74015,6.320827,2.577002,0,2.137836,4.470348e-08,1.14358,27.63399,0.4071709,300.895,0.1736341,540.4739,93.83985,366.1151,511.8542,36.6253,301.2863,262.5242,NAN,NAN,NAN,NAN,NAN,1273.706,79.55933,223.9989,113.7324,86.02075,900,99.28929,Kljun et al,201.5,-2.072345,0,227.0948,9,0,0,0,0,0.6226302,9
FLUX_BKLN,Flux_NYSMesonet,2019-06-30 22:00:00.000000,913,2019,6,30,22,0,0,0,201906302130,201906302200,6.221219,0.2737958,1,18000,56.59508,1,0.08354215,0.04177107,1,18000,122.2091,1,18000,1.000147,1,2.15936,0.9272209,-0.1119078,6.514615,-0.01619305,-555.7942,405.0717,0.9254781,709.504,1.207821,0.9734222,14.41845,0.2131832,10.33824,0.1489677,0.9592924,100.5175,0.01526639,26.30184,0.310714,41.57915,12.21761,1.428702,3.43708,20.08378,9.097267,1152.977,1.189409,1.163316,1012.425,2438.796,7.11251,6.716245,16.76414,333.207,228.293,19.11906,6.719452,2.470384,0,2.3663,1.490116e-08,1.151978,27.6648,0.3164816,239.9329,0.1776302,451.0091,80.1698,369.4275,500.3338,34.86884,301.0132,262.5156,NAN,NAN,NAN,NAN,NAN,1245.583,82.17546,231.4148,117.49,88.86108,900,99.27338,Kljun et al,201.5,-1.76627,0,228.293,9,0,0,0,0,0.4618224,9
FLUX_BKLN,Flux_NYSMesonet,2019-06-30 22:30:00.000000,914,2019,6,30,22,30,0,0,201906302200,201906302230,4.944324,0.2175997,2,18000,40.76539,1,0.06018962,0.03009481,1,18000,95.44051,1,18000,0.6322919,1,2.341214,0.7373816,-0.1099548,4.064507,-0.02508227,-358.8192,405.468,0.7597837,710.0519,1.105008,0.9741943,14.13904,0.131301,10.13581,0.08907678,0.9600257,100.5511,0.01816628,26.54642,0.2648318,40.21099,11.93072,1.401874,3.486874,20.85,8.886742,1152.739,1.070886,1.162875,1012.263,2438.218,6.305874,6.077567,13.68966,322.0829,239.4171,15.41247,6.080361,2.134507,0,1.609944,2.980232e-08,0.9904413,27.88427,0.272783,189.0266,0.1808904,363.0952,65.95672,388.0135,496.1252,34.21777,301.2613,262.4469,NAN,NAN,NAN,NAN,NAN,1340.894,77.20438,217.1862,110.3289,83.44999,900,99.32468,Kljun et al,201.5,-1.737236,0,239.4171,9,0,0,0,0,0.4618224,9
FLUX_BKLN,Flux_NYSMesonet,2019-06-30 23:00:00.000000,915,2019,6,30,23,0,0,0,201906302230,201906302300,6.392379,0.2813286,1,18000,45.89616,1,0.06774236,0.03387118,1,18000,78.45309,1,18000,0.69956,1,1.709361,0.7749969,-0.08587077,4.818731,-0.01792449,-502.1063,405.1663,1.324265,710.7497,2.227257,0.9745895,13.92339,0.1404068,9.998468,0.09617092,0.9603803,100.587,0.01620474,26.1996,0.2193696,40.43786,11.70641,1.381277,3.416148,20.34871,8.805006,1154.731,0.9088629,1.164729,1012.138,2439.038,6.572018,6.284664,14.30322,327.3406,234.1594,16.93731,6.286886,2.240798,0,1.893253,1.490116e-08,1.015815,27.51569,0.227367,71.226,0.1862396,226.4232,42.42936,366.3734,479.1412,31.54991,300.4638,262.414,NAN,NAN,NAN,NAN,NAN,1271.562,85.39943,240.3106,122.0824,92.33604,900,99.2881,Kljun et al,201.5,-1.523036,0,234.1594,9,0,0,0,0,0.3238163,9
FLUX_BKLN,Flux_NYSMesonet,2019-06-30 23:30:00.000000,916,2019,6,30,23,30,0,0,201906302300,201906302330,5.008187,0.2204103,3,18000,-19.61125,7,-0.02894004,-0.01447002,7,18000,60.75061,3,18000,0.6333093,1,-3.097743,0.7369559,-0.06984221,3.799438,-0.01524638,-590.3041,405.5539,0.8419504,712.2292,1.264071,0.9746367,13.99799,0.2725559,10.06337,0.1951892,0.9604548,100.6355,0.02109161,25.98576,0.1601176,41.18969,11.79164,1.389245,3.373121,19.83875,8.707116,1156.029,0.6437317,1.166092,1012.181,2439.544,5.652068,5.390508,13.0298,330.6199,230.8801,17.42477,5.391969,1.978138,0,1.657116,0,0.9694379,27.30788,0.1619969,7.105711,0.2764171,140.0247,32.09204,366.2835,467.1104,29.62307,299.647,262.4834,NAN,NAN,NAN,NAN,NAN,1228.885,79.04983,222.7544,113.0317,85.48814,900,99.26353,Kljun et al,201.5,-1.334668,0,230.8801,9,0,0,0,0,0.4485456,9
